-- phpMyAdmin SQL Dump
-- version 5.2.0
-- https://www.phpmyadmin.net/
--
-- Host: localhost:3306
-- Generation Time: Dec 31, 2024 at 12:21 PM
-- Server version: 8.0.30
-- PHP Version: 8.1.10

SET SQL_MODE = "NO_AUTO_VALUE_ON_ZERO";
START TRANSACTION;
SET time_zone = "+00:00";


/*!40101 SET @OLD_CHARACTER_SET_CLIENT=@@CHARACTER_SET_CLIENT */;
/*!40101 SET @OLD_CHARACTER_SET_RESULTS=@@CHARACTER_SET_RESULTS */;
/*!40101 SET @OLD_COLLATION_CONNECTION=@@COLLATION_CONNECTION */;
/*!40101 SET NAMES utf8mb4 */;

--
-- Database: `web_ban_tra_sua`
--

-- --------------------------------------------------------

--
-- Table structure for table `admin_roles`
--

CREATE TABLE `admin_roles` (
  `id_admin_roles` int NOT NULL,
  `admin_admin_id` int UNSIGNED NOT NULL,
  `roles_id_roles` int UNSIGNED NOT NULL
) ENGINE=InnoDB DEFAULT CHARSET=utf8mb3;

--
-- Dumping data for table `admin_roles`
--

INSERT INTO `admin_roles` (`id_admin_roles`, `admin_admin_id`, `roles_id_roles`) VALUES
(205, 5, 4);

-- --------------------------------------------------------

--
-- Table structure for table `attribute`
--

CREATE TABLE `attribute` (
  `id` int NOT NULL,
  `product_id` int UNSIGNED NOT NULL,
  `attr_id` int UNSIGNED NOT NULL,
  `created_at` timestamp NOT NULL DEFAULT CURRENT_TIMESTAMP ON UPDATE CURRENT_TIMESTAMP,
  `updated_at` timestamp NOT NULL DEFAULT '0000-00-00 00:00:00'
) ENGINE=InnoDB DEFAULT CHARSET=utf8mb3;

-- --------------------------------------------------------

--
-- Table structure for table `migrations`
--

CREATE TABLE `migrations` (
  `id` int UNSIGNED NOT NULL,
  `migration` varchar(255) CHARACTER SET utf8mb4 COLLATE utf8mb4_unicode_ci NOT NULL,
  `batch` int NOT NULL
) ENGINE=MyISAM DEFAULT CHARSET=utf8mb4 COLLATE=utf8mb4_unicode_ci;

--
-- Dumping data for table `migrations`
--

INSERT INTO `migrations` (`id`, `migration`, `batch`) VALUES
(1, '2024_12_29_121022_add_google_columns_to_customers_table', 1);

-- --------------------------------------------------------

--
-- Table structure for table `password_resets`
--

CREATE TABLE `password_resets` (
  `email` varchar(255) CHARACTER SET utf8mb4 COLLATE utf8mb4_unicode_ci NOT NULL,
  `token` varchar(255) CHARACTER SET utf8mb4 COLLATE utf8mb4_unicode_ci NOT NULL,
  `created_at` timestamp NOT NULL DEFAULT CURRENT_TIMESTAMP ON UPDATE CURRENT_TIMESTAMP
) ENGINE=InnoDB DEFAULT CHARSET=utf8mb4 COLLATE=utf8mb4_unicode_ci;

-- --------------------------------------------------------

--
-- Table structure for table `policy`
--

CREATE TABLE `policy` (
  `policy_id` int NOT NULL,
  `title` varchar(255) NOT NULL,
  `image` varchar(255) NOT NULL,
  `sumary` varchar(255) NOT NULL,
  `content` text NOT NULL,
  `created_at` timestamp NOT NULL DEFAULT CURRENT_TIMESTAMP ON UPDATE CURRENT_TIMESTAMP,
  `updated_at` timestamp NOT NULL DEFAULT '0000-00-00 00:00:00'
) ENGINE=MyISAM DEFAULT CHARSET=utf8mb3;

--
-- Dumping data for table `policy`
--

INSERT INTO `policy` (`policy_id`, `title`, `image`, `sumary`, `content`, `created_at`, `updated_at`) VALUES
(15, 'V·∫≠n Chuy·ªÉn', 'Capture1522.PNG', '<p><strong>D·ªãch v·ª• giao h&agrave;ng t·∫≠n nh&agrave; ho·∫∑c giao h&agrave;ng v&agrave;o th·ªùi gian c·ª• th·ªÉ.</strong></p>', '<p>Ch&iacute;nh s&aacute;ch n&agrave;y chi ti·∫øt c&aacute;c lo·∫°i ph&iacute; v·∫≠n chuy·ªÉn, c≈©ng nh∆∞ d·ªãch v·ª• b·ªï sung cho kh&aacute;ch h&agrave;ng, v&iacute; d·ª• nh∆∞ d·ªãch v·ª• giao h&agrave;ng t·∫≠n nh&agrave; ho·∫∑c giao h&agrave;ng v&agrave;o th·ªùi gian c·ª• th·ªÉ.</p>', '2024-12-31 10:20:23', '2024-12-31 03:20:23'),
(16, 'Ph√≠ V·∫≠n Chuy·ªÉn', 'Capture4042.PNG', '<p><strong>Ch&iacute;nh s&aacute;ch n&agrave;y ƒë∆∞a ra quy ƒë·ªãnh chi ti·∫øt v·ªÅ vi·ªác giao h&agrave;ng cho kh&aacute;ch h&agrave;ng ·ªü c&aacute;c khu v·ª±c kh&aacute;c nhau, t·ª´ n·ªôi th&agrave;nh ƒë·∫øn ngo·∫°i t·ªânh.</strong></p>', '<p>Ch&iacute;nh s&aacute;ch n&agrave;y ƒë∆∞a ra quy ƒë·ªãnh chi ti·∫øt v·ªÅ vi·ªác giao h&agrave;ng cho kh&aacute;ch h&agrave;ng ·ªü c&aacute;c khu v·ª±c kh&aacute;c nhau, t·ª´ n·ªôi th&agrave;nh ƒë·∫øn ngo·∫°i t·ªânh.</p>', '2024-12-31 10:19:20', '2024-12-31 03:19:20'),
(14, 'Ch·∫•t L∆∞·ª£ng S·∫£n Ph·∫©m', 'Capture33916.PNG', '<p><strong>ƒê·∫£m b·∫£o ch·∫•t l∆∞·ª£ng s·∫£n ph·∫©m, v·ªõi tem b·∫£o ƒë·∫£m v&agrave; m&atilde; v·∫°ch t·ª´ NC Vi·ªát Nam.</strong></p>', '<p>Ch&iacute;nh s&aacute;ch n&agrave;y t·∫≠p trung v&agrave;o vi·ªác ƒë·∫£m b·∫£o ch·∫•t l∆∞·ª£ng s·∫£n ph·∫©m c·ªßa Buona, bao g·ªìm c&aacute;c y&ecirc;u c·∫ßu v·ªÅ tem b·∫£o ƒë·∫£m, m&atilde; v·∫°ch, v&agrave; h·∫°n s·ª≠ d·ª•ng. S·∫£n ph·∫©m ch·ªâ ƒë∆∞·ª£c b·∫£o h&agrave;nh trong nh·ªØng tr∆∞·ªùng h·ª£p l·ªói do nh&agrave; s·∫£n xu·∫•t v&agrave; khi s·∫£n ph·∫©m kh&ocirc;ng b·ªã h·ªèng do t&aacute;c ƒë·ªông b&ecirc;n ngo&agrave;i.<strong>Chi ti·∫øt:</strong></p>\r\n\r\n<ul>\r\n	<li>S·∫£n ph·∫©m ph·∫£i c&oacute; tem b·∫£o ƒë·∫£m c·ªßa NC Vi·ªát Nam v&agrave; m&atilde; v·∫°ch.</li>\r\n	<li>H·∫°n s·ª≠ d·ª•ng l&agrave; 02 nƒÉm k·ªÉ t·ª´ ng&agrave;y s·∫£n xu·∫•t in tr&ecirc;n bao b&igrave;.</li>\r\n	<li>Qu&aacute; tr&igrave;nh ƒë·ªïi s·∫£n ph·∫©m ch·ªâ ƒë∆∞·ª£c &aacute;p d·ª•ng trong 1 tu·∫ßn ƒë·∫ßu n·∫øu c&oacute; l·ªói t·ª´ nh&agrave; s·∫£n xu·∫•t.</li>\r\n	<li>C&aacute;c tr∆∞·ªùng h·ª£p kh&ocirc;ng ƒë∆∞·ª£c b·∫£o h&agrave;nh: h·ªèng do va ƒë·∫≠p, b·∫£o qu·∫£n sai c&aacute;ch, ho·∫∑c s·∫£n ph·∫©m h·∫øt h·∫°n.</li>\r\n</ul>', '2024-12-31 10:13:01', '2024-12-31 03:13:01');

-- --------------------------------------------------------

--
-- Table structure for table `product_attribute`
--

CREATE TABLE `product_attribute` (
  `attr_id` int UNSIGNED NOT NULL,
  `name` varchar(100) DEFAULT NULL,
  `value` varchar(100) DEFAULT NULL,
  `created_at` timestamp NOT NULL DEFAULT CURRENT_TIMESTAMP ON UPDATE CURRENT_TIMESTAMP,
  `updated_at` timestamp NOT NULL DEFAULT '0000-00-00 00:00:00'
) ENGINE=InnoDB DEFAULT CHARSET=utf8mb3;

--
-- Dumping data for table `product_attribute`
--

INSERT INTO `product_attribute` (`attr_id`, `name`, `value`, `created_at`, `updated_at`) VALUES
(29, 'size', 'S', '2024-12-29 13:59:07', '2021-06-28 03:11:17'),
(30, 'size', 'M', '2024-12-29 13:59:12', '2021-06-28 21:18:28'),
(31, 'size', 'L', '2024-12-29 13:59:14', '2021-07-07 19:37:24');

-- --------------------------------------------------------

--
-- Table structure for table `product_images`
--

CREATE TABLE `product_images` (
  `image_id` int NOT NULL,
  `product_id` int UNSIGNED NOT NULL,
  `images` varchar(100) NOT NULL,
  `created_at` timestamp NOT NULL DEFAULT CURRENT_TIMESTAMP ON UPDATE CURRENT_TIMESTAMP,
  `updated_at` timestamp NOT NULL DEFAULT '0000-00-00 00:00:00'
) ENGINE=InnoDB DEFAULT CHARSET=utf8mb3;

--
-- Dumping data for table `product_images`
--

INSERT INTO `product_images` (`image_id`, `product_id`, `images`, `created_at`, `updated_at`) VALUES
(434, 236, '6573.jpg', '2024-12-31 02:59:56', '2024-12-31 02:59:56'),
(435, 236, '8327.jpg', '2024-12-31 03:00:01', '2024-12-31 03:00:01'),
(436, 237, '7553.jpg', '2024-12-31 03:35:10', '2024-12-31 03:35:10'),
(437, 237, '8738.jpg', '2024-12-31 03:35:19', '2024-12-31 03:35:19'),
(438, 238, '997.jpg', '2024-12-31 03:56:20', '2024-12-31 03:56:20'),
(439, 238, '8586.jpg', '2024-12-31 03:56:25', '2024-12-31 03:56:25'),
(440, 239, '2036.jpg', '2024-12-31 04:12:39', '2024-12-31 04:12:39'),
(441, 240, '8974.jpg', '2024-12-31 05:05:58', '2024-12-31 05:05:58'),
(442, 240, '7137.jpg', '2024-12-31 05:06:07', '2024-12-31 05:06:07');

-- --------------------------------------------------------

--
-- Table structure for table `tbl_addvertised`
--

CREATE TABLE `tbl_addvertised` (
  `quangcao_id` int NOT NULL,
  `quangcao_name` varchar(255) NOT NULL,
  `hinh_quangcao` varchar(255) NOT NULL,
  `quangcao_status` int NOT NULL,
  `link` varchar(255) NOT NULL,
  `created_at` timestamp NOT NULL DEFAULT CURRENT_TIMESTAMP ON UPDATE CURRENT_TIMESTAMP,
  `updated_at` timestamp NOT NULL DEFAULT '0000-00-00 00:00:00'
) ENGINE=MyISAM DEFAULT CHARSET=utf8mb3;

--
-- Dumping data for table `tbl_addvertised`
--

INSERT INTO `tbl_addvertised` (`quangcao_id`, `quangcao_name`, `hinh_quangcao`, `quangcao_status`, `link`, `created_at`, `updated_at`) VALUES
(8, 'banner1', 'slider_218.jpg', 0, 'https://www.youtube.com/', '2024-12-31 09:29:28', '2024-12-31 02:29:28');

-- --------------------------------------------------------

--
-- Table structure for table `tbl_admin`
--

CREATE TABLE `tbl_admin` (
  `admin_id` int UNSIGNED NOT NULL,
  `created_at` timestamp NULL DEFAULT NULL,
  `updated_at` timestamp NULL DEFAULT NULL,
  `status` int DEFAULT NULL,
  `email` varchar(50) CHARACTER SET utf8mb4 COLLATE utf8mb4_unicode_ci DEFAULT NULL,
  `password` varchar(100) CHARACTER SET utf8mb4 COLLATE utf8mb4_unicode_ci DEFAULT NULL,
  `name` varchar(100) CHARACTER SET utf8mb4 COLLATE utf8mb4_unicode_ci DEFAULT NULL,
  `phone` varchar(100) CHARACTER SET utf8mb4 COLLATE utf8mb4_unicode_ci DEFAULT NULL
) ENGINE=InnoDB DEFAULT CHARSET=utf8mb4 COLLATE=utf8mb4_unicode_ci;

--
-- Dumping data for table `tbl_admin`
--

INSERT INTO `tbl_admin` (`admin_id`, `created_at`, `updated_at`, `status`, `email`, `password`, `name`, `phone`) VALUES
(5, '2021-06-08 01:56:57', '2021-06-08 01:56:57', 1, 'admin@gmail.com', '$2y$10$EQEqaY0mtni5ZCLKsc2E.ee2P5h7w1wDZgd2cRrCOgMNtff/eOv0K', 'ADMIN', '0585861855');

-- --------------------------------------------------------

--
-- Table structure for table `tbl_category_post`
--

CREATE TABLE `tbl_category_post` (
  `cate_post_id` int UNSIGNED NOT NULL,
  `cate_post_name` tinytext NOT NULL,
  `cate_post_status` int NOT NULL,
  `cate_post_slug` varchar(255) NOT NULL,
  `cate_post_desc` varchar(255) NOT NULL,
  `created_at` timestamp NOT NULL DEFAULT CURRENT_TIMESTAMP ON UPDATE CURRENT_TIMESTAMP,
  `updated_at` timestamp NOT NULL DEFAULT '0000-00-00 00:00:00'
) ENGINE=InnoDB DEFAULT CHARSET=utf8mb3;

--
-- Dumping data for table `tbl_category_post`
--

INSERT INTO `tbl_category_post` (`cate_post_id`, `cate_post_name`, `cate_post_status`, `cate_post_slug`, `cate_post_desc`, `created_at`, `updated_at`) VALUES
(8, 'Tin t·ª©c m·ªπ ph·∫©m', 0, 'tra-sua-va-suc-khoe', 'Tr√Ý s·ªØa l√Ý m·ªôt th·ª©c u·ªëng ph·ªï bi·∫øn v√Ý ƒë∆∞·ª£c ∆∞a th√≠ch hi·ªán nay. Tuy nhi√™n, u·ªëng qu√° nhi·ªÅu tr√Ý s·ªØa s·∫Ω c√≥ nhi·ªÅu ·∫£nh h∆∞·ªüng nguy hi·ªÉm ƒë·∫øn s·ª©c kh·ªèe.', '2024-12-31 11:08:20', '2021-07-03 02:02:42'),
(9, 'M·ªπ Ph·∫©m', 0, 'quan-tra-sua', 'H·∫ßu h·∫øt ai c≈©ng v·ª©t b·ªè th·ª© n√Ýy khi u·ªëng tr√Ý s·ªØa tr√¢n ch√¢u, gi·ªù bi·∫øt ƒë∆∞·ª£c c√¥ng d·ª•ng th·∫≠t c·ªßa n√≥ m·ªõi b·∫•t ng·ªù', '2024-12-31 11:08:26', '2021-10-30 20:06:30');

-- --------------------------------------------------------

--
-- Table structure for table `tbl_category_product`
--

CREATE TABLE `tbl_category_product` (
  `category_id` int UNSIGNED NOT NULL,
  `category_name` varchar(255) CHARACTER SET utf8mb4 COLLATE utf8mb4_unicode_ci NOT NULL,
  `category_desc` text CHARACTER SET utf8mb4 COLLATE utf8mb4_unicode_ci NOT NULL,
  `category_status` int NOT NULL,
  `created_at` timestamp NULL DEFAULT NULL,
  `updated_at` timestamp NULL DEFAULT NULL
) ENGINE=InnoDB DEFAULT CHARSET=utf8mb4 COLLATE=utf8mb4_unicode_ci;

--
-- Dumping data for table `tbl_category_product`
--

INSERT INTO `tbl_category_product` (`category_id`, `category_name`, `category_desc`, `category_status`, `created_at`, `updated_at`) VALUES
(4, 'ChƒÉm s√≥c da m·∫∑t', '<p>ChƒÉm s√≥c da m·∫∑t</p>', 1, '2021-06-27 07:04:12', '2021-11-06 21:35:51'),
(5, 'ChƒÉm s√≥c c∆° th·ªÉ', 'ChƒÉm s√≥c c∆° th·ªÉ', 1, '2021-06-27 07:05:13', '2021-06-27 07:05:13'),
(6, 'ChƒÉm s√≥c t√≥c', 'ChƒÉm s√≥c t√≥c', 1, '2021-06-27 07:05:25', '2021-06-27 07:05:25'),
(7, 'Trang ƒëi·ªÉm', 'Trang ƒëi·ªÉm', 1, '2021-06-27 07:05:37', '2021-06-27 07:05:37'),
(8, 'ChƒÉm s√≥c da d√Ýnh cho nam', 'ChƒÉm s√≥c da d√Ýnh cho nam', 1, '2021-06-27 07:05:49', '2021-06-27 07:05:49'),
(9, 'Th·ª±c ph·∫©m ch·ª©c nƒÉng', 'Th·ª±c ph·∫©m ch·ª©c nƒÉng', 1, '2021-06-27 07:06:08', '2021-06-27 07:06:08'),
(10, 'Ph·ª• ki·ªán l√Ým ƒë·∫πp & ti·ªán √≠ch', '<p>Ph·ª• ki·ªán l√Ým ƒë·∫πp & ti·ªán √≠ch</p>', 1, '2021-06-27 07:06:19', '2021-09-09 18:59:24');

-- --------------------------------------------------------

--
-- Table structure for table `tbl_comment`
--

CREATE TABLE `tbl_comment` (
  `comment_id` int NOT NULL,
  `comment` varchar(255) NOT NULL,
  `comment_date` timestamp NOT NULL DEFAULT CURRENT_TIMESTAMP ON UPDATE CURRENT_TIMESTAMP,
  `comment_product_id` int UNSIGNED NOT NULL,
  `comment_parent_comment` int NOT NULL,
  `comment_status` int NOT NULL,
  `comment_name` varchar(255) NOT NULL,
  `created_at` timestamp NOT NULL DEFAULT CURRENT_TIMESTAMP,
  `updated_at` timestamp NOT NULL DEFAULT CURRENT_TIMESTAMP
) ENGINE=InnoDB DEFAULT CHARSET=utf8mb3;

-- --------------------------------------------------------

--
-- Table structure for table `tbl_coupon`
--

CREATE TABLE `tbl_coupon` (
  `coupon_id` int NOT NULL,
  `coupon_name` varchar(150) NOT NULL,
  `coupon_time` int NOT NULL,
  `coupon_condition` int NOT NULL,
  `coupon_number` int NOT NULL,
  `coupon_code` varchar(50) NOT NULL,
  `start_day` varchar(50) DEFAULT NULL,
  `end_day` varchar(50) DEFAULT NULL,
  `coupon_status` int DEFAULT '1',
  `coupon_used` varchar(200) DEFAULT NULL
) ENGINE=InnoDB DEFAULT CHARSET=utf8mb3;

-- --------------------------------------------------------

--
-- Table structure for table `tbl_customers`
--

CREATE TABLE `tbl_customers` (
  `customer_id` int UNSIGNED NOT NULL,
  `customer_name` varchar(255) CHARACTER SET utf8mb4 COLLATE utf8mb4_unicode_ci NOT NULL,
  `customer_email` varchar(255) CHARACTER SET utf8mb4 COLLATE utf8mb4_unicode_ci NOT NULL,
  `customer_password` varchar(255) CHARACTER SET utf8mb4 COLLATE utf8mb4_unicode_ci NOT NULL,
  `customer_phone` varchar(255) CHARACTER SET utf8mb4 COLLATE utf8mb4_unicode_ci NOT NULL,
  `created_at` timestamp NULL DEFAULT NULL,
  `updated_at` timestamp NULL DEFAULT NULL,
  `code_active` text CHARACTER SET utf8mb4 COLLATE utf8mb4_unicode_ci,
  `custommer_vip` int DEFAULT NULL,
  `code` text CHARACTER SET utf8mb4 COLLATE utf8mb4_unicode_ci,
  `code_time` timestamp NULL DEFAULT NULL,
  `google_id` varchar(191) COLLATE utf8mb4_unicode_ci DEFAULT NULL,
  `avatar` varchar(191) COLLATE utf8mb4_unicode_ci DEFAULT NULL
) ENGINE=InnoDB DEFAULT CHARSET=utf8mb4 COLLATE=utf8mb4_unicode_ci;

-- --------------------------------------------------------

--
-- Table structure for table `tbl_infomation`
--

CREATE TABLE `tbl_infomation` (
  `info_id` int NOT NULL,
  `info_contact` mediumtext NOT NULL,
  `info_map` text NOT NULL,
  `info_logo` varchar(255) NOT NULL,
  `info_fanpage` text NOT NULL,
  `created_at` timestamp NOT NULL DEFAULT CURRENT_TIMESTAMP ON UPDATE CURRENT_TIMESTAMP,
  `updated_at` timestamp NOT NULL DEFAULT CURRENT_TIMESTAMP
) ENGINE=MyISAM DEFAULT CHARSET=utf8mb3;

--
-- Dumping data for table `tbl_infomation`
--

INSERT INTO `tbl_infomation` (`info_id`, `info_contact`, `info_map`, `info_logo`, `info_fanpage`, `created_at`, `updated_at`) VALUES
(1, '<p><span style=\"font-size:18px\">ƒê·ªãa ch·ªâ: </span>31/15 Nguy·ªÖn C·∫£nh Ch&acirc;n, Ph∆∞·ªùng Nguy·ªÖn C∆∞ Trinh, Qu·∫≠n 1, Tp. HCM</p>\r\n\r\n<p><span style=\"font-size:18px\">Email: </span>&nbsp;<a href=\"mailto:example@mail.com\">hebestores.vn@gmail.com</a></p>\r\n\r\n<p><span style=\"font-size:18px\">Hotline: </span>0932621188<span style=\"font-size:18px\"> ho·∫∑c </span>&nbsp;0932621188</p>\r\n\r\n<p><span style=\"font-size:18px\">Website: http://google.com.vn.</span></p>', '<iframe src=\"https://www.google.com/maps/embed?pb=!1m18!1m12!1m3!1d3919.074425170947!2d106.69275991474917!3d10.80561179230171!2m3!1f0!2f0!3f0!3m2!1i1024!2i768!4f13.1!3m3!1m2!1s0x317528c6b3087445%3A0x9f9e59544876ddf!2zMzU2LCA3IE7GoSBUcmFuZyBMb25nLCBwaMaw4budbmcgNywgQsOsbmggVGjhuqFuaCwgVGjDoG5oIHBo4buRIEjhu5MgQ2jDrSBNaW5oLCBWaeG7h3QgTmFt!5e0!3m2!1svi!2s!4v1625906869368!5m2!1svi!2s\" width=\"1250\" height=\"450\" style=\"border:0;\" allowfullscreen=\"\" loading=\"lazy\"></iframe>', 'gettyimages-1157712696-2048x204819.jpg', '<div id=\"fb-root\"></div>\r\n            <script async defer crossorigin=\"anonymous\" src=\"https://connect.facebook.net/vi_VN/sdk.js#xfbml=1&version=v8.0&appId=2339123679735877&autoLogAppEvents=1\" nonce=\"2RfDRhZm\"></script>\r\n<div class=\"fb-page\" \r\ndata-tabs=\"timeline,events,messages\"\r\ndata-href=\"https://www.facebook.com/trasuafeelingtea/\"\r\ndata-width=\"380\" \r\ndata-hide-cover=\"false\"></div>', '2024-12-31 11:49:35', '2021-06-11 04:33:30');

-- --------------------------------------------------------

--
-- Table structure for table `tbl_intro`
--

CREATE TABLE `tbl_intro` (
  `intro_id` int NOT NULL,
  `intro_title` varchar(100) NOT NULL,
  `intro_desc` text NOT NULL,
  `intro_content` text NOT NULL,
  `intro_image` varchar(100) NOT NULL,
  `created_at` timestamp NOT NULL DEFAULT CURRENT_TIMESTAMP ON UPDATE CURRENT_TIMESTAMP,
  `updated_at` timestamp NOT NULL DEFAULT '0000-00-00 00:00:00'
) ENGINE=MyISAM DEFAULT CHARSET=utf8mb3;

--
-- Dumping data for table `tbl_intro`
--

INSERT INTO `tbl_intro` (`intro_id`, `intro_title`, `intro_desc`, `intro_content`, `intro_image`, `created_at`, `updated_at`) VALUES
(1, 'C√°c Lo·∫°i M·ªπ Ph·∫©m Ch·∫•t L∆∞·ª£ng Cao', '<p>Kh&aacute;m ph&aacute; th·∫ø gi·ªõi m·ªπ ph·∫©m cao c·∫•p v·ªõi nh·ªØng s·∫£n ph·∫©m chƒÉm s&oacute;c s·∫Øc ƒë·∫πp ch·∫•t l∆∞·ª£ng h&agrave;ng ƒë·∫ßu, gi&uacute;p b·∫°n t·ªèa s&aacute;ng v&agrave; t·ª± tin m·ªói ng&agrave;y.</p>', '<p style=\"text-align:justify\">Kh&aacute;m ph&aacute; th·∫ø gi·ªõi m·ªπ ph·∫©m cao c·∫•p v·ªõi nh·ªØng s·∫£n ph·∫©m chƒÉm s&oacute;c s·∫Øc ƒë·∫πp ch·∫•t l∆∞·ª£ng h&agrave;ng ƒë·∫ßu, gi&uacute;p b·∫°n t·ªèa s&aacute;ng v&agrave; t·ª± tin m·ªói ng&agrave;y.</p>', 'anh19.jpg', '2024-12-31 11:47:36', '2024-12-31 04:47:36');

-- --------------------------------------------------------

--
-- Table structure for table `tbl_order`
--

CREATE TABLE `tbl_order` (
  `order_id` int UNSIGNED NOT NULL,
  `customer_id` int UNSIGNED NOT NULL,
  `order_code` varchar(20) CHARACTER SET utf8mb4 COLLATE utf8mb4_unicode_ci NOT NULL,
  `shipping_id` int UNSIGNED NOT NULL,
  `order_status` varchar(50) CHARACTER SET utf8mb4 COLLATE utf8mb4_unicode_ci NOT NULL,
  `order_date` varchar(100) CHARACTER SET utf8mb4 COLLATE utf8mb4_unicode_ci NOT NULL,
  `created_at` timestamp NULL DEFAULT NULL,
  `updated_at` timestamp NULL DEFAULT NULL,
  `order_destroy` text CHARACTER SET utf8mb4 COLLATE utf8mb4_unicode_ci
) ENGINE=InnoDB DEFAULT CHARSET=utf8mb4 COLLATE=utf8mb4_unicode_ci;

-- --------------------------------------------------------

--
-- Table structure for table `tbl_order_details`
--

CREATE TABLE `tbl_order_details` (
  `order_details_id` bigint UNSIGNED NOT NULL,
  `product_id` int UNSIGNED NOT NULL,
  `product_name` varchar(255) CHARACTER SET utf8mb4 COLLATE utf8mb4_unicode_ci NOT NULL,
  `product_feeship` varchar(50) CHARACTER SET utf8mb4 COLLATE utf8mb4_unicode_ci NOT NULL,
  `product_coupon` varchar(50) CHARACTER SET utf8mb4 COLLATE utf8mb4_unicode_ci NOT NULL,
  `order_code` varchar(20) CHARACTER SET utf8mb4 COLLATE utf8mb4_unicode_ci NOT NULL,
  `product_price` varchar(50) CHARACTER SET utf8mb4 COLLATE utf8mb4_unicode_ci NOT NULL,
  `product_sales_quantity` int NOT NULL,
  `product_size` varchar(50) CHARACTER SET utf8mb4 COLLATE utf8mb4_unicode_ci NOT NULL,
  `order_id` int UNSIGNED NOT NULL,
  `created_at` timestamp NULL DEFAULT NULL,
  `updated_at` timestamp NULL DEFAULT NULL
) ENGINE=InnoDB DEFAULT CHARSET=utf8mb4 COLLATE=utf8mb4_unicode_ci;

-- --------------------------------------------------------

--
-- Table structure for table `tbl_post`
--

CREATE TABLE `tbl_post` (
  `post_id` int NOT NULL,
  `post_title` tinytext NOT NULL,
  `post_views` varchar(50) DEFAULT NULL,
  `post_slug` varchar(255) NOT NULL,
  `post_content` text NOT NULL,
  `post_desc` text NOT NULL,
  `post_meta_desc` text NOT NULL,
  `post_meta_keywords` varchar(255) NOT NULL,
  `post_image` varchar(255) NOT NULL,
  `cate_post_id` int UNSIGNED NOT NULL,
  `created_at` timestamp NOT NULL DEFAULT CURRENT_TIMESTAMP ON UPDATE CURRENT_TIMESTAMP,
  `updated_at` timestamp NOT NULL DEFAULT '0000-00-00 00:00:00',
  `post_status` int NOT NULL
) ENGINE=InnoDB DEFAULT CHARSET=utf8mb3;

--
-- Dumping data for table `tbl_post`
--

INSERT INTO `tbl_post` (`post_id`, `post_title`, `post_views`, `post_slug`, `post_content`, `post_desc`, `post_meta_desc`, `post_meta_keywords`, `post_image`, `cate_post_id`, `created_at`, `updated_at`, `post_status`) VALUES
(26, '10 B√≠ Quy·∫øt Ch·ªçn Serum D∆∞·ª°ng Da Ph√π H·ª£p', NULL, '10-bi-quyet-chon-serum-duong-da-phu-hop', '<p>Ng&agrave;y nay, serum ƒë&atilde; tr·ªü th&agrave;nh m·ªôt trong nh·ªØng s·∫£n ph·∫©m kh&ocirc;ng th·ªÉ thi·∫øu trong quy tr&igrave;nh chƒÉm s&oacute;c da c·ªßa ph&aacute;i ƒë·∫πp. Tuy nhi&ecirc;n, kh&ocirc;ng ph·∫£i ai c≈©ng bi·∫øt c&aacute;ch l·ª±a ch·ªçn serum ph&ugrave; h·ª£p v·ªõi l&agrave;n da c·ªßa m&igrave;nh.</p>\r\n\r\n<ol>\r\n	<li>\r\n	<p><strong>X&aacute;c ƒë·ªãnh lo·∫°i da c·ªßa b·∫°n</strong></p>\r\n\r\n	<ul>\r\n		<li>Da d·∫ßu: Ch·ªçn serum ch·ª©a BHA ho·∫∑c niacinamide ƒë·ªÉ ki·ªÉm so&aacute;t d·∫ßu nh·ªùn.</li>\r\n		<li>Da kh&ocirc;: ∆Øu ti&ecirc;n serum ch·ª©a axit hyaluronic ho·∫∑c glycerin gi&uacute;p d∆∞·ª°ng ·∫©m s&acirc;u.</li>\r\n	</ul>\r\n	</li>\r\n	<li>\r\n	<p><strong>ƒê·ªçc k·ªπ b·∫£ng th&agrave;nh ph·∫ßn</strong></p>\r\n\r\n	<ul>\r\n		<li>Tr&aacute;nh c&aacute;c th&agrave;nh ph·∫ßn d·ªÖ g&acirc;y k&iacute;ch ·ª©ng nh∆∞ c·ªìn ho·∫∑c h∆∞∆°ng li·ªáu ƒë·ªëi v·ªõi da nh·∫°y c·∫£m.</li>\r\n	</ul>\r\n	</li>\r\n	<li>\r\n	<p><strong>Quan t&acirc;m ƒë·∫øn v·∫•n ƒë·ªÅ da ƒëang g·∫∑p ph·∫£i</strong></p>\r\n\r\n	<ul>\r\n		<li>N·∫øu b·∫°n ƒëang c·∫ßn l&agrave;m s&aacute;ng da, h&atilde;y ch·ªçn serum ch·ª©a vitamin C.</li>\r\n	</ul>\r\n	</li>\r\n	<li>\r\n	<p><strong>ƒê·ªô uy t&iacute;n c·ªßa th∆∞∆°ng hi·ªáu</strong></p>\r\n\r\n	<ul>\r\n		<li>L·ª±a ch·ªçn nh·ªØng th∆∞∆°ng hi·ªáu c&oacute; cam k·∫øt v·ªÅ an to&agrave;n v&agrave; ch·∫•t l∆∞·ª£ng.</li>\r\n	</ul>\r\n	</li>\r\n</ol>\r\n\r\n<p>ƒê·ª´ng qu&ecirc;n b·∫£o qu·∫£n serum ƒë&uacute;ng c&aacute;ch v&agrave; th·ª±c hi·ªán ƒë·∫ßy ƒë·ªß c&aacute;c b∆∞·ªõc chƒÉm s&oacute;c da ƒë·ªÉ ƒë·∫°t hi·ªáu qu·∫£ t·ªëi ∆∞u nh&eacute;!</p>', '<p>B&agrave;i vi·∫øt h∆∞·ªõng d·∫´n chi ti·∫øt c&aacute;ch ch·ªçn serum d∆∞·ª°ng da ph&ugrave; h·ª£p v·ªõi t·ª´ng lo·∫°i da, gi&uacute;p b·∫°n ƒë·∫°t hi·ªáu qu·∫£ t·ªëi ∆∞u trong qu&aacute; tr&igrave;nh chƒÉm s&oacute;c da m·∫∑t.</p>', 'T√¨m hi·ªÉu c√°ch ch·ªçn serum d∆∞·ª°ng da ph√π h·ª£p nh·∫•t v·ªõi lo·∫°i da c·ªßa b·∫°n, v·ªõi c√°c b√≠ quy·∫øt v√Ý h∆∞·ªõng d·∫´n chi ti·∫øt t·ª´ chuy√™n gia.', 'serum d∆∞·ª°ng da, c√°ch ch·ªçn serum, m·ªπ ph·∫©m chƒÉm s√≥c da, b√≠ quy·∫øt l√Ým ƒë·∫πp, d∆∞·ª°ng da hi·ªáu qu·∫£', 'anh198.jpg', 9, '2024-12-31 04:53:12', '2024-12-31 04:53:12', 0),
(27, '7 S·∫£n Ph·∫©m Kem D∆∞·ª°ng Ch·ªëng L√£o H√≥a T·ªët Nh·∫•t Hi·ªán Nay', '1', '7-san-pham-kem-duong-chong-lao-hoa-tot-nhat-hien-nay', '<p>L&atilde;o h&oacute;a l&agrave; qu&aacute; tr&igrave;nh t·ª± nhi&ecirc;n m&agrave; ai c≈©ng ph·∫£i tr·∫£i qua. Tuy nhi&ecirc;n, b·∫°n c&oacute; th·ªÉ l&agrave;m ch·∫≠m qu&aacute; tr&igrave;nh n&agrave;y b·∫±ng c&aacute;ch s·ª≠ d·ª•ng kem d∆∞·ª°ng da ch·ªëng l&atilde;o h&oacute;a ph&ugrave; h·ª£p. D∆∞·ªõi ƒë&acirc;y l&agrave; 7 s·∫£n ph·∫©m ƒë∆∞·ª£c ∆∞a chu·ªông:</p>\r\n\r\n<ol>\r\n	<li>\r\n	<p><strong>Kem ch·ªëng l&atilde;o h&oacute;a Ohui Prime Advancer</strong></p>\r\n\r\n	<ul>\r\n		<li>Th&agrave;nh ph·∫ßn: Tinh ch·∫•t hoa sen tuy·∫øt.</li>\r\n		<li>C&ocirc;ng d·ª•ng: TƒÉng c∆∞·ªùng t&aacute;i t·∫°o da, gi·∫£m n·∫øp nhƒÉn hi·ªáu qu·∫£.</li>\r\n	</ul>\r\n	</li>\r\n	<li>\r\n	<p><strong>L&#39;Or&eacute;al Revitalift Night Cream</strong></p>\r\n\r\n	<ul>\r\n		<li>Th&agrave;nh ph·∫ßn: Retinol v&agrave; vitamin E.</li>\r\n		<li>C&ocirc;ng d·ª•ng: L&agrave;m sƒÉn ch·∫Øc da v&agrave; ph·ª•c h·ªìi l&agrave;n da khi ng·ªß.</li>\r\n	</ul>\r\n	</li>\r\n	<li>\r\n	<p><strong>Estee Lauder Advanced Night Repair</strong></p>\r\n\r\n	<ul>\r\n		<li>Th&agrave;nh ph·∫ßn: Hyaluronic acid, peptide.</li>\r\n		<li>C&ocirc;ng d·ª•ng: C·∫£i thi·ªán ƒë·ªô ƒë&agrave;n h·ªìi v&agrave; t&aacute;i t·∫°o t·∫ø b&agrave;o da.</li>\r\n	</ul>\r\n	</li>\r\n	<li>\r\n	<p><strong>Shiseido Benefiance Wrinkle Smoothing Cream</strong></p>\r\n\r\n	<ul>\r\n		<li>Th&agrave;nh ph·∫ßn: Collagen, chi·∫øt xu·∫•t t·∫£o bi·ªÉn.</li>\r\n		<li>C&ocirc;ng d·ª•ng: L&agrave;m m·ªù n·∫øp nhƒÉn v&agrave; c·∫£i thi·ªán ƒë·ªô m·ªãn m&agrave;ng c·ªßa da.</li>\r\n	</ul>\r\n	</li>\r\n</ol>\r\n\r\n<p>H&atilde;y ch·ªçn s·∫£n ph·∫©m ph&ugrave; h·ª£p nh·∫•t v·ªõi nhu c·∫ßu c·ªßa b·∫°n v&agrave; ƒë·ª´ng qu&ecirc;n s·ª≠ d·ª•ng ƒë&uacute;ng c&aacute;ch ƒë·ªÉ ƒë·∫°t hi·ªáu qu·∫£ t·ªëi ∆∞u nh&eacute;!</p>', '<p>B&agrave;i vi·∫øt t·ªïng h·ª£p 7 lo·∫°i kem d∆∞·ª°ng ch·ªëng l&atilde;o h&oacute;a n·ªïi b·∫≠t, ƒë∆∞·ª£c c&aacute;c chuy&ecirc;n gia ƒë&aacute;nh gi&aacute; cao v·ªÅ ch·∫•t l∆∞·ª£ng v&agrave; hi·ªáu qu·∫£.</p>', 'T√¨m hi·ªÉu 7 lo·∫°i kem ch·ªëng l√£o h√≥a da ƒë∆∞·ª£c y√™u th√≠ch nh·∫•t hi·ªán nay, v·ªõi h∆∞·ªõng d·∫´n ch·ªçn s·∫£n ph·∫©m ph√π h·ª£p v√Ý c√°ch s·ª≠ d·ª•ng hi·ªáu qu·∫£.', 'kem ch·ªëng l√£o h√≥a, ch·ªëng l√£o h√≥a da, s·∫£n ph·∫©m l√Ým ƒë·∫πp da, b√≠ quy·∫øt tr·∫ª h√≥a da, m·ªπ ph·∫©m ch·ªëng l√£o h√≥a', 'df46b58ab41a12444b0b_d412903cbf0549a1b1e196d64bb98583_1024x102467.jpg', 8, '2024-12-31 11:54:39', '2024-12-31 04:54:39', 0);

-- --------------------------------------------------------

--
-- Table structure for table `tbl_product`
--

CREATE TABLE `tbl_product` (
  `product_id` int UNSIGNED NOT NULL,
  `product_name` varchar(255) CHARACTER SET utf8mb4 COLLATE utf8mb4_unicode_ci NOT NULL,
  `category_id` int UNSIGNED NOT NULL,
  `product_desc` text CHARACTER SET utf8mb4 COLLATE utf8mb4_unicode_ci NOT NULL,
  `product_price` double(10,0) NOT NULL,
  `gia_km` int DEFAULT NULL,
  `product_image` varchar(255) CHARACTER SET utf8mb4 COLLATE utf8mb4_unicode_ci NOT NULL,
  `product_status` int NOT NULL,
  `soluong` int NOT NULL,
  `product_sold` int DEFAULT NULL,
  `pro_rating_number` int DEFAULT NULL,
  `pro_rating` int DEFAULT NULL,
  `product_view` int DEFAULT NULL,
  `created_at` timestamp NULL DEFAULT NULL,
  `updated_at` timestamp NULL DEFAULT NULL,
  `price_cost` varchar(100) CHARACTER SET utf8mb4 COLLATE utf8mb4_unicode_ci DEFAULT NULL
) ENGINE=InnoDB DEFAULT CHARSET=utf8mb4 COLLATE=utf8mb4_unicode_ci;

--
-- Dumping data for table `tbl_product`
--

INSERT INTO `tbl_product` (`product_id`, `product_name`, `category_id`, `product_desc`, `product_price`, `gia_km`, `product_image`, `product_status`, `soluong`, `product_sold`, `pro_rating_number`, `pro_rating`, `product_view`, `created_at`, `updated_at`, `price_cost`) VALUES
(236, 'Tinh Ch·∫•t C√¢n B·∫±ng H·ªá Vi Sinh Ohui The First Geniture Sym-Micro Essence 50ml', 4, '<h3><strong>Tinh Ch·∫•t Si&ecirc;u Vi Ch·ªëng L&atilde;o H&oacute;a Ohui The First Geniture Sym-Micro Essence</strong><br />\r\nGi&uacute;p ngƒÉn ng·ª´a l&atilde;o h&oacute;a, chƒÉm s&oacute;c to&agrave;n di·ªán v&agrave; duy tr&igrave; tr·∫°ng th&aacute;i c&acirc;n b·∫±ng H·ªá vi sinh da, tƒÉng c∆∞·ªùng ƒë·ªÅ kh&aacute;ng.</h3>\r\n\r\n<h3><strong>Th&agrave;nh Ph·∫ßn</strong></h3>\r\n\r\n<p>- Signature 29 Cell &trade;: ƒê&aacute;nh th·ª©c t·∫ø b&agrave;o g·ªëc im l·∫∑ng v&agrave; tƒÉng s·ªë l∆∞·ª£ng l&ecirc;n g·∫•p 1.3 l·∫ßn, ƒë·ªìng th·ªùi gia tƒÉng P63 marker (ch·ªâ c&oacute; trong t·∫ø b&agrave;o g·ªëc kh·ªèe m·∫°nh)<br />\r\n- N∆∞·ªõc chi·∫øt xu·∫•t hoa m·∫´u ƒë∆°n: tƒÉng ho·∫°t t&iacute;nh t·∫ø b&agrave;o g·ªëc, l&agrave;m d·ªãu, d∆∞·ª°ng ·∫©m<br />\r\n- Gen-Biotics&trade; (3 Pro-biotics &amp; 4 Pre-biotics): C·∫£i thi·ªán s·ª©c kh·ªèe h·ªá vi sinh da, tƒÉng c∆∞·ªùng ƒë·ªÅ kh&aacute;ng da, tƒÉng 17 l·∫ßn ho·∫°t t&iacute;nh c·ªßa t·∫ø b&agrave;o g·ªëc</p>\r\n\r\n<h3><strong>C&ocirc;ng D·ª•ng</strong></h3>\r\n\r\n<p>- NgƒÉn ng·ª´a l&atilde;o h&oacute;a&nbsp;<br />\r\n- D∆∞·ª°ng ·∫©m, d∆∞·ª°ng s&aacute;ng da<br />\r\n- TƒÉng c∆∞·ªùng ƒë·ªÅ kh&aacute;ng da<br />\r\n- B·∫£o v·ªÅ da kh·ªèi c&aacute;c t&aacute;c nh&acirc;n c&oacute; h·∫°i t·ª´ m&ocirc;i tr∆∞·ªùng</p>\r\n\r\n<h3><strong>H∆∞·ªõng D·∫´n S·ª≠ D·ª•ng</strong></h3>\r\n\r\n<p>&nbsp;D&ugrave;ng sau b∆∞·ªõc ampoule ho·∫∑c serum, &nbsp;l·∫•y 1 l∆∞·ª£ng s·∫£n ph·∫©m v·ª´a ƒë·ªß, d&agrave;n tr·∫£i ƒë·ªÅu theo c·∫•u tr&uacute;c da v&agrave; thoa nh·∫π nh&agrave;ng b·∫±ng c·∫£ 2 tay ƒë·ªÉ s·∫£n ph·∫©m th·∫©m th·∫•u s&acirc;u v&agrave;o trong da.</p>', 1900000, 200000, '1735637811.webp', 1, 100, NULL, NULL, NULL, 11, '2024-12-31 02:36:51', '2024-12-31 05:10:26', '1700000'),
(237, 'B·ªô 3 S·∫£n ph·∫©m d∆∞·ª°ng da body Beyond Travel Kit', 4, '<p><strong>B·ªô s·∫£n ph·∫©m g·ªìm:</strong></p>\r\n\r\n<ol>\r\n	<li>S·ªØa d∆∞·ª°ng th·ªÉ d∆∞·ª°ng ·∫©m s&acirc;u 60ml</li>\r\n	<li>S·ªØa t·∫Øm Deep Moisture Body Wash 60ml</li>\r\n	<li>D·∫ßu g·ªôi Professional Defense 60ml</li>\r\n</ol>\r\n\r\n<p><strong>1.S·ªØa d∆∞·ª°ng th·ªÉ d∆∞·ª°ng ·∫©m s&acirc;u:</strong></p>\r\n\r\n<p>S·ªØa d∆∞·ª°ng th·ªÉ gi&uacute;p cung c·∫•p ƒë·ªô ·∫©m cho da, b·∫£o v·ªá da kh·ªèi c&aacute;c k&iacute;ch ·ª©ng b&ecirc;n ngo&agrave;i.</p>\r\n\r\n<p>Ch·ª©a ph·ª©c h·ª£p Skin-Mimic Ceramide Complex v&agrave; Natural Oil Complex.</p>\r\n\r\n<p>ƒêi·ªÅu ƒë&oacute; gi&uacute;p b·ªï sung ƒë·ªô ·∫©m cho da, c·ªßng c·ªë h&agrave;ng r&agrave;o b·∫£o v·ªá da v&agrave; b·∫£o v·ªá da kh·ªèi c&aacute;c t&aacute;c nh&acirc;n &ocirc; nhi·ªÖm b&ecirc;n ngo&agrave;i.</p>\r\n\r\n<p>C&oacute; m·ªôt m&ugrave;i h∆∞∆°ng b·ªôt x·∫° h∆∞∆°ng.</p>\r\n\r\n<p><strong>2.S·ªØa t·∫Øm d∆∞·ª°ng ·∫©m s&acirc;u:</strong></p>\r\n\r\n<p>S·ªØa t·∫Øm gi&uacute;p lo·∫°i b·ªè b·ª•i b·∫©n, t·∫°p ch·∫•t tr&ecirc;n da, cung c·∫•p ƒë·ªô ·∫©m cho da.</p>\r\n\r\n<p>Ch·ª©a ph·ª©c h·ª£p Skin-Mimic Ceramide Complex v&agrave; Natural Oil Complex.</p>\r\n\r\n<p>ƒêi·ªÅu ƒë&oacute; gi&uacute;p b·ªï sung ƒë·ªô ·∫©m cho da, c·ªßng c·ªë h&agrave;ng r&agrave;o b·∫£o v·ªá da v&agrave; b·∫£o v·ªá da kh·ªèi c&aacute;c t&aacute;c nh&acirc;n &ocirc; nhi·ªÖm b&ecirc;n ngo&agrave;i.</p>\r\n\r\n<p>C&oacute; m·ªôt m&ugrave;i h∆∞∆°ng b·ªôt x·∫° h∆∞∆°ng.</p>\r\n\r\n<p><strong>3.D·∫ßu g·ªôi ph&ograve;ng v·ªá chuy&ecirc;n nghi·ªáp:</strong></p>\r\n\r\n<p>L&agrave; lo·∫°i d·∫ßu g·ªôi ƒë·∫ßu h&agrave;ng ng&agrave;y gi&uacute;p lo·∫°i b·ªè b·ª•i b·∫©n v&agrave; d∆∞·ª°ng ·∫©m cho da ƒë·∫ßu.</p>\r\n\r\n<p>Ch·ª©a th&agrave;nh ph·∫ßn ƒë∆∞·ª£c c·∫•p b·∫±ng s&aacute;ng ch·∫ø, Eco Farming Complex, gi&uacute;p l&agrave;m d·ªãu v&agrave; d∆∞·ª°ng ·∫©m da ƒë·∫ßu.</p>\r\n\r\n<p>C&oacute; m&ugrave;i h∆∞∆°ng qu·∫£ m·ªçng t∆∞∆°i m&aacute;t.</p>\r\n\r\n<p><strong>C&aacute;ch s·ª≠ d·ª•ng:</strong></p>\r\n\r\n<p>S·ª≠ d·ª•ng theo tr&igrave;nh t·ª± D·∫ßu g·ªôi, S·ªØa t·∫Øm v&agrave; S·ªØa d∆∞·ª°ng th·ªÉ.</p>', 400000, 210000, '1735641276.webp', 1, 300, NULL, NULL, NULL, 9, '2024-12-31 03:34:37', '2024-12-31 03:51:50', '190000'),
(238, 'B·ªô D·∫ßu G·ªôi v√Ý D·∫ßu X·∫£ Gi·∫£m G√Ýu V√Ý G√£y R·ª•ng Beyond Healing Force Hair Set 800ml', 4, '<p><strong>B·ªô s·∫£n ph·∫©m bao g·ªìm:</strong></p>\r\n\r\n<p><strong>D·∫°ng fullsize</strong></p>\r\n\r\n<p>D·∫ßu g·ªôi d·∫°ng gel Beyond Healing Force Scalp Clinic Shampoo 500ml</p>\r\n\r\n<p>D·∫ßu x·∫£ l&agrave;m m·ªÅm m∆∞·ª£t Beyond Healing Force Scalp Clinic Treatment 300ml</p>\r\n\r\n<p><strong>D·∫°ng Mini d&ugrave;ng th·ª≠</strong></p>\r\n\r\n<p>D·∫ßu g·ªôi d·∫°ng gel Beyond Healing Force Scalp Clinic Shampoo 100ml</p>\r\n\r\n<p>D·∫ßu x·∫£ l&agrave;m m·ªÅm m∆∞·ª£t Beyond Healing Force Scalp Clinic Treatment 100ml</p>\r\n\r\n<p><strong>TH&Ocirc;NG TIN S·∫¢N PH·∫®M</strong></p>\r\n\r\n<h4><strong>1. ƒê·∫∑c ƒëi·ªÉm n·ªïi b·∫≠t</strong></h4>\r\n\r\n<p>&ndash; Th&agrave;nh ph·∫ßn thu·∫ßn chay ch·ªëng r·ª•ng t&oacute;c v&agrave; l&agrave;m s·∫°ch g&agrave;u</p>\r\n\r\n<p>&ndash; Kh&ocirc;ng ch·ª©a 20 th&agrave;nh ph·∫ßn c&oacute; h·∫°i</p>\r\n\r\n<p>&ndash; Ho&agrave;n th&agrave;nh th·ª≠ nghi·ªám da li·ªÖu</p>\r\n\r\n<p>&ndash; H∆∞∆°ng th∆°m thanh m&aacute;t</p>\r\n\r\n<p>&ndash; An to&agrave;n v·ªõi v&ugrave;ng da m·∫Øt (HET-CAM)</p>\r\n\r\n<h4><strong>2. Th&agrave;nh ph·∫ßn ch&iacute;nh</strong></h4>\r\n\r\n<p>&ndash; Vegan Biotin: Th&agrave;nh ph·∫ßn thu·∫ßn chay ng,ƒÉn r·ª•ng t&oacute;c hi·ªáu qu,·∫£, k&iacute;ch th&iacute;ch m·ªçc t&oacute;c, ph·ª•c h·ªìi hang r&agrave;o b·∫£o v·ªá da</p>\r\n\r\n<p>&ndash; Ph·ª©c h·ª£p l&agrave;m d·ªãu Black Green: Ch·ª©a ph·ª©c h·ª£p Blackfood ( c&aacute;c lo·∫°i ƒë·∫≠u m&agrave;u ƒëen) v&agrave; l&aacute; ng·∫£i c·ª©u gi&uacute;p lo·∫°i b·ªè g&agrave;u, gi·∫£m ng·ª©a da ƒë·∫ßu</p>\r\n\r\n<p>&ndash; BHA, NIACINAMIDE, PANTHENOL: Lo·∫°i b·ªè g&agrave;u v&agrave; k&iacute;ch th&iacute;ch m·ªçc t&oacute;c</p>\r\n\r\n<h4><strong>3. H∆∞·ªõng d·∫´n s·ª≠ d·ª•ng</strong></h4>\r\n\r\n<p>&ndash; Sau khi g·ªôi ƒë·∫ßu, l·∫•y m·ªôt l∆∞·ª£ng v·ª´a ƒë·ªß ra tay</p>\r\n\r\n<p>&ndash; Massage l&ecirc;n t&oacute;c v&agrave; da ƒë·∫ßu</p>\r\n\r\n<p>&ndash; X·∫£ s·∫°ch l·∫°i b·∫±ng n∆∞·ªõc</p>\r\n\r\n<h4><strong>4. C·∫£m nh·∫≠n s·ª≠ d·ª•ng</strong></h4>\r\n\r\n<p><strong>D·∫ßu g·ªôi</strong></p>\r\n\r\n<p>&ndash; D·∫°ng gel m&agrave;u n&acirc;u, t·∫°o b·ªçt m·ªãn, kh&ocirc;ng kh&ocirc; t&oacute;c</p>\r\n\r\n<p>&ndash; Gi·∫£m r·ª•ng t&oacute;c, l&agrave;m s·∫°ch g&agrave;u v&agrave; da ƒë·∫ßu</p>\r\n\r\n<p>&ndash; L&agrave;m d·ªãu da ƒë·∫ßu k&iacute;ch ·ª©ng</p>\r\n\r\n<p><strong>D·∫ßu x·∫£</strong></p>\r\n\r\n<p>&ndash; D·∫°ng kem m&agrave;u n&acirc;u s·ªØa</p>\r\n\r\n<p>&ndash; T&oacute;c m∆∞·ª£t, gi·∫£m r·ª•ng</p>\r\n\r\n<p>&ndash; L&agrave;m d·ªãu da ƒë·∫ßu k&iacute;ch ·ª©ng</p>', 760000, 270000, '1735642571.webp', 1, 100, NULL, NULL, NULL, 3, '2024-12-31 03:56:11', '2024-12-31 04:06:13', '490000'),
(239, 'Mi·∫øng D√°n M·ª•n CNP Laboratory Anti-Blemish Spot Patch (60 Mi·∫øng)', 10, '<h3><strong>Th&agrave;nh Ph·∫ßn</strong></h3>\r\n\r\n<p>Propylene Glycol, Water, Alcohol Denat., Butylene Glycol, Vitis Vinifera (Grape) Seed Extract, Melaleuca Alternifolia (Tea Tree) Leaf Oil, Polysorbate 80, Sodium Hyaluronate, Phytosphingosine, Allantoin, Salicylic Acid, Methylparaben.</p>\r\n\r\n<h3><strong>C&ocirc;ng D·ª•ng</strong></h3>\r\n\r\n<p>C&oacute; t&aacute;c d·ª•ng ƒëi·ªÅu tr·ªã m·ª•n chuy&ecirc;n s&acirc;u.</p>\r\n\r\n<p>L&agrave;m d·ªãu da, gi·∫£m k&iacute;ch ·ª©ng gi&uacute;p da kh·ªèe m·∫°nh.</p>\r\n\r\n<p>Thi·∫øt k·∫ø h&igrave;nh tr&ograve;n v·ª´a v·ªõi n·ªët m·ª•n gi&uacute;p ngƒÉn ch·∫∑n kh&oacute;i b·ª•i, &ocirc; nhi·ªÖm, cho ph&eacute;p da th·ªü. ƒê·ªìng th·ªùi cung c·∫•p d∆∞·ª°ng ch·∫•t ƒëi·ªÅu tr·ªã m·ª•n.&nbsp;</p>\r\n\r\n<p>Mi·∫øng d&aacute;n trong su·ªët, b&aacute;m ch·∫∑t tr&ecirc;n da, kh&ocirc;ng tr&ocirc;i khi ti·∫øp x&uacute;c v·ªõi n∆∞·ªõc ho·∫∑c trang ƒëi·ªÉm.</p>\r\n\r\n<h3><strong>H∆∞·ªõng D·∫´n S·ª≠ D·ª•ng</strong></h3>\r\n\r\n<p>&nbsp;L&agrave;m s·∫°ch da m·∫∑t v·ªõi s·ªØa r·ª≠a m·∫∑t, ƒë·∫∑c bi·ªát l&agrave; nh·ªØng v&ugrave;ng d·ªÖ b·ªã m·ª•n tr·ª©ng c&aacute;.- Nh·∫π nh&agrave;ng g·ª° mi·∫øng d&aacute;n ra kh·ªèi m&agrave;ng nh·ª±a v&agrave; ƒë·∫∑t l&ecirc;n n·ªët m·ª•n (ƒê·∫£m b·∫£o da kh&ocirc; tho&aacute;ng tr∆∞·ªõc khi s·ª≠ d·ª•ng mi·∫øng d&aacute;n m·ª•n).- ƒê·ªÉ trong kho·∫£ng t·ª´ 8-12 ti·∫øng, s·ª≠ d·ª•ng khi ƒëang ng·ªß s·∫Ω cho k·∫øt qu·∫£ t·ªët h∆°n- ƒê·ªÉ ƒë·∫°t ƒë∆∞·ª£c hi·ªáu qu·∫£ cao h∆°n, h&atilde;y k·∫øt h·ª£p s·ª≠ d·ª•ng Gel m·ª•n gi·∫£m k&iacute;ch ·ª©ng CNP Anti-Blemish Spot Solution tr∆∞·ªõc khi s·ª≠ d·ª•ng Mi·∫øng d&aacute;n m·ª•n Anti-blemish Spot Patch.</p>', 340000, 76000, '1735643518.webp', 1, 100, NULL, NULL, NULL, 1, '2024-12-31 04:11:58', '2024-12-31 04:16:29', '264000'),
(240, 'B·ªô Kem D∆∞·ª°ng ·∫®m Ohui Miracle Moisture Ceramide Boosting Cream 60ml Special Set', 4, '<h3><strong>B·ªô Kem D∆∞·ª°ng ·∫®m Ohui Miracle Moisture Ceramide Boosting Cream 60ml Special Set</strong></h3>\r\n\r\n<h3>&ndash; Kh&ocirc;ng nh·ªØng mang l·∫°i m&ugrave;i h∆∞∆°ng t∆∞∆°i m&aacute;t, nh·∫π nh&agrave;ng, tinh khi·∫øt c·ªßa m·∫´u ƒë∆°n. M&agrave; c&ograve;n b·ªï sung ·∫©m cho l&agrave;n da, mang l·∫°i l&agrave;n da ƒë·∫ßy sinh kh&iacute; &ldquo;nh∆∞ b&ocirc;ng hoa ƒë∆∞·ª£c t∆∞·ªõi n∆∞·ªõc&rdquo;. C·∫£m gi&aacute;c kh&ocirc; r&aacute;t, m·ªát m·ªèi, &aacute;p l·ª±c ƒë∆∞·ª£c xua tan nhanh ch&oacute;ng.<br />\r\n&ndash; K·∫øt c·∫•u kem cho c·∫£m gi&aacute;c m·ªÅm m·∫°i d&agrave;i l&acirc;u. Kh·∫£ nƒÉng h·∫•p th·ª• m·∫°nh m·∫Ω d&ugrave; th·ªùi gian tr&ocirc;i qua l&acirc;u nh∆∞ng l&agrave;n da v·∫´n ·∫©m m∆∞·ª£t.<br />\r\n&ndash; Ch·ª©a nhi·ªÅu d∆∞·ª°ng ch·∫•t v&agrave; ƒë·ªô ·∫©m d·ªìi d&agrave;o gi&uacute;p da tr·∫ª trung, tƒÉng c∆∞·ªùng ƒë&agrave;n h·ªìi, s&aacute;ng v&agrave; r·∫°ng r·ª°.<br />\r\n&ndash; V·ªõi c&aacute;c th&agrave;nh ph·∫ßn thi&ecirc;n nhi&ecirc;n, s·∫£n ph·∫©m th&acirc;n thi·ªán v·ªõi m·ªçi l&agrave;n da. ƒê·∫∑c bi·ªát v·ªõi c·∫£ nh·ªØng l&agrave;n da nh·∫°y c·∫£m, d·ªÖ m·∫´n c·∫£m, m·∫´n ng·ª©a v·ªõi m·ªπ ph·∫©m.<br />\r\n&ndash; Kem d∆∞·ª°ng kh&aacute; l&agrave; ƒë·∫≠m ƒë·∫∑c. Nh∆∞ng kh&ocirc;ng v&igrave; th·∫ø m&agrave; t·∫°o s·ª± kh&oacute; ch·ªãu. Tr&aacute;i l·∫°i kem th·∫©m th·∫•u nhanh, m&aacute;t m·ªãn v&agrave; kh&ocirc;ng g&acirc;y b&oacute;ng hay nh·ªùn.</h3>\r\n\r\n<h2><strong><strong><strong>B·ªô set bao g·ªìm:</strong></strong></strong></h2>\r\n\r\n<p>Kem D∆∞·ª°ng ·∫®m Ohui Miracle Moisture Cream 60ml + 25 ml</p>\r\n\r\n<p>S·ªØa r·ª≠a m·∫∑t Ohui d∆∞·ª°ng ·∫©m 40ml</p>\r\n\r\n<p>Hoa h·ªìng d∆∞·ª°ng ·∫©m 20ml</p>\r\n\r\n<p>S·ªØa d∆∞·ª°ng d∆∞·ª°ng ·∫©m 20ml</p>\r\n\r\n<p>Tinh ch·∫•t d∆∞·ª°ng ·∫©m 3ml</p>', 1900000, 100000, '1735646747.webp', 1, 30, NULL, NULL, NULL, NULL, '2024-12-31 05:05:47', '2024-12-31 05:05:47', '1800000');

-- --------------------------------------------------------

--
-- Table structure for table `tbl_rating`
--

CREATE TABLE `tbl_rating` (
  `rating_id` int NOT NULL,
  `product_id` int UNSIGNED NOT NULL,
  `rating` int NOT NULL,
  `created_at` timestamp NOT NULL DEFAULT CURRENT_TIMESTAMP ON UPDATE CURRENT_TIMESTAMP,
  `updated_at` timestamp NOT NULL DEFAULT '0000-00-00 00:00:00'
) ENGINE=InnoDB DEFAULT CHARSET=utf8mb3;

-- --------------------------------------------------------

--
-- Table structure for table `tbl_roles`
--

CREATE TABLE `tbl_roles` (
  `id_roles` int UNSIGNED NOT NULL,
  `name` varchar(100) NOT NULL
) ENGINE=InnoDB DEFAULT CHARSET=utf8mb3;

--
-- Dumping data for table `tbl_roles`
--

INSERT INTO `tbl_roles` (`id_roles`, `name`) VALUES
(4, 'admin'),
(5, 'user');

-- --------------------------------------------------------

--
-- Table structure for table `tbl_shipping`
--

CREATE TABLE `tbl_shipping` (
  `shipping_id` int UNSIGNED NOT NULL,
  `shipping_name` varchar(255) CHARACTER SET utf8mb4 COLLATE utf8mb4_unicode_ci NOT NULL,
  `shipping_method` int NOT NULL,
  `shipping_address` varchar(255) CHARACTER SET utf8mb4 COLLATE utf8mb4_unicode_ci NOT NULL,
  `shipping_phone` varchar(255) CHARACTER SET utf8mb4 COLLATE utf8mb4_unicode_ci NOT NULL,
  `shipping_email` varchar(255) CHARACTER SET utf8mb4 COLLATE utf8mb4_unicode_ci NOT NULL,
  `shipping_notes` text CHARACTER SET utf8mb4 COLLATE utf8mb4_unicode_ci,
  `shipping_address2` varchar(255) CHARACTER SET utf8mb4 COLLATE utf8mb4_unicode_ci DEFAULT NULL,
  `created_at` timestamp NULL DEFAULT NULL,
  `updated_at` timestamp NULL DEFAULT NULL
) ENGINE=InnoDB DEFAULT CHARSET=utf8mb4 COLLATE=utf8mb4_unicode_ci;

-- --------------------------------------------------------

--
-- Table structure for table `tbl_slider`
--

CREATE TABLE `tbl_slider` (
  `slider_id` int NOT NULL,
  `slider_name` varchar(100) DEFAULT NULL,
  `slider_status` int DEFAULT NULL,
  `slider_desc` varchar(100) DEFAULT NULL,
  `slider_image` varchar(100) NOT NULL
) ENGINE=InnoDB DEFAULT CHARSET=utf8mb3;

--
-- Dumping data for table `tbl_slider`
--

INSERT INTO `tbl_slider` (`slider_id`, `slider_name`, `slider_status`, `slider_desc`, `slider_image`) VALUES
(19, 'Slide1', 0, '<p>Slide1</p>', 'slider_169.webp'),
(20, 'Slide2', 0, '<p>Slide2</p>', 'slider_366.jpg'),
(21, 'Slide3', 0, '<p>Slide3</p>', 'slider_253.jpg');

-- --------------------------------------------------------

--
-- Table structure for table `tbl_social`
--

CREATE TABLE `tbl_social` (
  `user_id` int NOT NULL,
  `provider_user_id` varchar(100) NOT NULL,
  `provider` varchar(100) NOT NULL,
  `user` int UNSIGNED NOT NULL
) ENGINE=InnoDB DEFAULT CHARSET=utf8mb3;

-- --------------------------------------------------------

--
-- Table structure for table `tbl_statistical`
--

CREATE TABLE `tbl_statistical` (
  `id_statistical` int NOT NULL,
  `order_date` varchar(100) NOT NULL,
  `sales` varchar(200) NOT NULL,
  `profit` varchar(200) NOT NULL,
  `quantity` int NOT NULL,
  `total_order` int NOT NULL,
  `created_at` timestamp NOT NULL DEFAULT CURRENT_TIMESTAMP ON UPDATE CURRENT_TIMESTAMP,
  `updated_at` timestamp NOT NULL DEFAULT '0000-00-00 00:00:00'
) ENGINE=InnoDB DEFAULT CHARSET=utf8mb3;

--
-- Dumping data for table `tbl_statistical`
--

INSERT INTO `tbl_statistical` (`id_statistical`, `order_date`, `sales`, `profit`, `quantity`, `total_order`, `created_at`, `updated_at`) VALUES
(114, '2024-12-31', '105000', '15000', 3, 1, '2024-12-31 02:04:19', '2024-12-31 02:04:19');

-- --------------------------------------------------------

--
-- Table structure for table `tbl_visitors`
--

CREATE TABLE `tbl_visitors` (
  `id_visitors` int NOT NULL,
  `ip_address` varchar(50) NOT NULL,
  `date_visitor` varchar(50) NOT NULL
) ENGINE=InnoDB DEFAULT CHARSET=utf8mb3;

--
-- Dumping data for table `tbl_visitors`
--

INSERT INTO `tbl_visitors` (`id_visitors`, `ip_address`, `date_visitor`) VALUES
(28, '127.0.0.1', '2024-12-29');

-- --------------------------------------------------------

--
-- Table structure for table `users`
--

CREATE TABLE `users` (
  `id` bigint UNSIGNED NOT NULL,
  `name` varchar(255) CHARACTER SET utf8mb4 COLLATE utf8mb4_unicode_ci NOT NULL,
  `email` varchar(255) CHARACTER SET utf8mb4 COLLATE utf8mb4_unicode_ci NOT NULL,
  `email_verified_at` timestamp NULL DEFAULT NULL,
  `password` varchar(255) CHARACTER SET utf8mb4 COLLATE utf8mb4_unicode_ci NOT NULL,
  `remember_token` varchar(100) CHARACTER SET utf8mb4 COLLATE utf8mb4_unicode_ci DEFAULT NULL,
  `created_at` timestamp NULL DEFAULT NULL,
  `updated_at` timestamp NULL DEFAULT NULL,
  `phone` text CHARACTER SET utf8mb4 COLLATE utf8mb4_unicode_ci
) ENGINE=InnoDB DEFAULT CHARSET=utf8mb4 COLLATE=utf8mb4_unicode_ci;

--
-- Indexes for dumped tables
--

--
-- Indexes for table `admin_roles`
--
ALTER TABLE `admin_roles`
  ADD PRIMARY KEY (`id_admin_roles`),
  ADD KEY `admin_admin_id` (`admin_admin_id`,`roles_id_roles`),
  ADD KEY `roles_id_roles` (`roles_id_roles`);

--
-- Indexes for table `attribute`
--
ALTER TABLE `attribute`
  ADD PRIMARY KEY (`id`),
  ADD KEY `product_id` (`product_id`),
  ADD KEY `attr_id` (`attr_id`);

--
-- Indexes for table `migrations`
--
ALTER TABLE `migrations`
  ADD PRIMARY KEY (`id`);

--
-- Indexes for table `policy`
--
ALTER TABLE `policy`
  ADD PRIMARY KEY (`policy_id`);

--
-- Indexes for table `product_attribute`
--
ALTER TABLE `product_attribute`
  ADD PRIMARY KEY (`attr_id`);

--
-- Indexes for table `product_images`
--
ALTER TABLE `product_images`
  ADD PRIMARY KEY (`image_id`),
  ADD KEY `product_id` (`product_id`);

--
-- Indexes for table `tbl_addvertised`
--
ALTER TABLE `tbl_addvertised`
  ADD PRIMARY KEY (`quangcao_id`);

--
-- Indexes for table `tbl_admin`
--
ALTER TABLE `tbl_admin`
  ADD PRIMARY KEY (`admin_id`);

--
-- Indexes for table `tbl_category_post`
--
ALTER TABLE `tbl_category_post`
  ADD PRIMARY KEY (`cate_post_id`);

--
-- Indexes for table `tbl_category_product`
--
ALTER TABLE `tbl_category_product`
  ADD PRIMARY KEY (`category_id`);

--
-- Indexes for table `tbl_comment`
--
ALTER TABLE `tbl_comment`
  ADD PRIMARY KEY (`comment_id`),
  ADD KEY `comment_product_id` (`comment_product_id`);

--
-- Indexes for table `tbl_coupon`
--
ALTER TABLE `tbl_coupon`
  ADD PRIMARY KEY (`coupon_id`);

--
-- Indexes for table `tbl_customers`
--
ALTER TABLE `tbl_customers`
  ADD PRIMARY KEY (`customer_id`);

--
-- Indexes for table `tbl_infomation`
--
ALTER TABLE `tbl_infomation`
  ADD PRIMARY KEY (`info_id`);

--
-- Indexes for table `tbl_intro`
--
ALTER TABLE `tbl_intro`
  ADD PRIMARY KEY (`intro_id`);

--
-- Indexes for table `tbl_order`
--
ALTER TABLE `tbl_order`
  ADD PRIMARY KEY (`order_id`),
  ADD KEY `customer_id` (`customer_id`,`shipping_id`),
  ADD KEY `shipping_id` (`shipping_id`);

--
-- Indexes for table `tbl_order_details`
--
ALTER TABLE `tbl_order_details`
  ADD PRIMARY KEY (`order_details_id`),
  ADD KEY `product_id` (`product_id`),
  ADD KEY `order_id` (`order_id`);

--
-- Indexes for table `tbl_post`
--
ALTER TABLE `tbl_post`
  ADD PRIMARY KEY (`post_id`),
  ADD KEY `cate_post_id` (`cate_post_id`);

--
-- Indexes for table `tbl_product`
--
ALTER TABLE `tbl_product`
  ADD PRIMARY KEY (`product_id`),
  ADD KEY `category_id` (`category_id`);

--
-- Indexes for table `tbl_rating`
--
ALTER TABLE `tbl_rating`
  ADD PRIMARY KEY (`rating_id`),
  ADD KEY `product_id` (`product_id`);

--
-- Indexes for table `tbl_roles`
--
ALTER TABLE `tbl_roles`
  ADD PRIMARY KEY (`id_roles`);

--
-- Indexes for table `tbl_shipping`
--
ALTER TABLE `tbl_shipping`
  ADD PRIMARY KEY (`shipping_id`);

--
-- Indexes for table `tbl_slider`
--
ALTER TABLE `tbl_slider`
  ADD PRIMARY KEY (`slider_id`);

--
-- Indexes for table `tbl_social`
--
ALTER TABLE `tbl_social`
  ADD PRIMARY KEY (`user_id`),
  ADD KEY `user` (`user`);

--
-- Indexes for table `tbl_statistical`
--
ALTER TABLE `tbl_statistical`
  ADD PRIMARY KEY (`id_statistical`);

--
-- Indexes for table `tbl_visitors`
--
ALTER TABLE `tbl_visitors`
  ADD PRIMARY KEY (`id_visitors`);

--
-- Indexes for table `users`
--
ALTER TABLE `users`
  ADD PRIMARY KEY (`id`);

--
-- AUTO_INCREMENT for dumped tables
--

--
-- AUTO_INCREMENT for table `admin_roles`
--
ALTER TABLE `admin_roles`
  MODIFY `id_admin_roles` int NOT NULL AUTO_INCREMENT, AUTO_INCREMENT=207;

--
-- AUTO_INCREMENT for table `attribute`
--
ALTER TABLE `attribute`
  MODIFY `id` int NOT NULL AUTO_INCREMENT, AUTO_INCREMENT=400;

--
-- AUTO_INCREMENT for table `migrations`
--
ALTER TABLE `migrations`
  MODIFY `id` int UNSIGNED NOT NULL AUTO_INCREMENT, AUTO_INCREMENT=2;

--
-- AUTO_INCREMENT for table `policy`
--
ALTER TABLE `policy`
  MODIFY `policy_id` int NOT NULL AUTO_INCREMENT, AUTO_INCREMENT=17;

--
-- AUTO_INCREMENT for table `product_attribute`
--
ALTER TABLE `product_attribute`
  MODIFY `attr_id` int UNSIGNED NOT NULL AUTO_INCREMENT, AUTO_INCREMENT=36;

--
-- AUTO_INCREMENT for table `product_images`
--
ALTER TABLE `product_images`
  MODIFY `image_id` int NOT NULL AUTO_INCREMENT, AUTO_INCREMENT=443;

--
-- AUTO_INCREMENT for table `tbl_addvertised`
--
ALTER TABLE `tbl_addvertised`
  MODIFY `quangcao_id` int NOT NULL AUTO_INCREMENT, AUTO_INCREMENT=9;

--
-- AUTO_INCREMENT for table `tbl_admin`
--
ALTER TABLE `tbl_admin`
  MODIFY `admin_id` int UNSIGNED NOT NULL AUTO_INCREMENT, AUTO_INCREMENT=49;

--
-- AUTO_INCREMENT for table `tbl_category_post`
--
ALTER TABLE `tbl_category_post`
  MODIFY `cate_post_id` int UNSIGNED NOT NULL AUTO_INCREMENT, AUTO_INCREMENT=11;

--
-- AUTO_INCREMENT for table `tbl_category_product`
--
ALTER TABLE `tbl_category_product`
  MODIFY `category_id` int UNSIGNED NOT NULL AUTO_INCREMENT, AUTO_INCREMENT=14;

--
-- AUTO_INCREMENT for table `tbl_comment`
--
ALTER TABLE `tbl_comment`
  MODIFY `comment_id` int NOT NULL AUTO_INCREMENT, AUTO_INCREMENT=171;

--
-- AUTO_INCREMENT for table `tbl_coupon`
--
ALTER TABLE `tbl_coupon`
  MODIFY `coupon_id` int NOT NULL AUTO_INCREMENT, AUTO_INCREMENT=41;

--
-- AUTO_INCREMENT for table `tbl_customers`
--
ALTER TABLE `tbl_customers`
  MODIFY `customer_id` int UNSIGNED NOT NULL AUTO_INCREMENT, AUTO_INCREMENT=30;

--
-- AUTO_INCREMENT for table `tbl_infomation`
--
ALTER TABLE `tbl_infomation`
  MODIFY `info_id` int NOT NULL AUTO_INCREMENT, AUTO_INCREMENT=7;

--
-- AUTO_INCREMENT for table `tbl_intro`
--
ALTER TABLE `tbl_intro`
  MODIFY `intro_id` int NOT NULL AUTO_INCREMENT, AUTO_INCREMENT=2;

--
-- AUTO_INCREMENT for table `tbl_order`
--
ALTER TABLE `tbl_order`
  MODIFY `order_id` int UNSIGNED NOT NULL AUTO_INCREMENT, AUTO_INCREMENT=290;

--
-- AUTO_INCREMENT for table `tbl_order_details`
--
ALTER TABLE `tbl_order_details`
  MODIFY `order_details_id` bigint UNSIGNED NOT NULL AUTO_INCREMENT, AUTO_INCREMENT=354;

--
-- AUTO_INCREMENT for table `tbl_post`
--
ALTER TABLE `tbl_post`
  MODIFY `post_id` int NOT NULL AUTO_INCREMENT, AUTO_INCREMENT=28;

--
-- AUTO_INCREMENT for table `tbl_product`
--
ALTER TABLE `tbl_product`
  MODIFY `product_id` int UNSIGNED NOT NULL AUTO_INCREMENT, AUTO_INCREMENT=241;

--
-- AUTO_INCREMENT for table `tbl_rating`
--
ALTER TABLE `tbl_rating`
  MODIFY `rating_id` int NOT NULL AUTO_INCREMENT, AUTO_INCREMENT=124;

--
-- AUTO_INCREMENT for table `tbl_roles`
--
ALTER TABLE `tbl_roles`
  MODIFY `id_roles` int UNSIGNED NOT NULL AUTO_INCREMENT, AUTO_INCREMENT=6;

--
-- AUTO_INCREMENT for table `tbl_shipping`
--
ALTER TABLE `tbl_shipping`
  MODIFY `shipping_id` int UNSIGNED NOT NULL AUTO_INCREMENT, AUTO_INCREMENT=356;

--
-- AUTO_INCREMENT for table `tbl_slider`
--
ALTER TABLE `tbl_slider`
  MODIFY `slider_id` int NOT NULL AUTO_INCREMENT, AUTO_INCREMENT=22;

--
-- AUTO_INCREMENT for table `tbl_social`
--
ALTER TABLE `tbl_social`
  MODIFY `user_id` int NOT NULL AUTO_INCREMENT, AUTO_INCREMENT=7;

--
-- AUTO_INCREMENT for table `tbl_statistical`
--
ALTER TABLE `tbl_statistical`
  MODIFY `id_statistical` int NOT NULL AUTO_INCREMENT, AUTO_INCREMENT=115;

--
-- AUTO_INCREMENT for table `tbl_visitors`
--
ALTER TABLE `tbl_visitors`
  MODIFY `id_visitors` int NOT NULL AUTO_INCREMENT, AUTO_INCREMENT=29;

--
-- AUTO_INCREMENT for table `users`
--
ALTER TABLE `users`
  MODIFY `id` bigint UNSIGNED NOT NULL AUTO_INCREMENT, AUTO_INCREMENT=5;

--
-- Constraints for dumped tables
--

--
-- Constraints for table `admin_roles`
--
ALTER TABLE `admin_roles`
  ADD CONSTRAINT `admin_roles_ibfk_1` FOREIGN KEY (`admin_admin_id`) REFERENCES `tbl_admin` (`admin_id`) ON DELETE CASCADE ON UPDATE CASCADE,
  ADD CONSTRAINT `admin_roles_ibfk_2` FOREIGN KEY (`roles_id_roles`) REFERENCES `tbl_roles` (`id_roles`);

--
-- Constraints for table `attribute`
--
ALTER TABLE `attribute`
  ADD CONSTRAINT `attribute_ibfk_1` FOREIGN KEY (`product_id`) REFERENCES `tbl_product` (`product_id`) ON DELETE CASCADE ON UPDATE CASCADE,
  ADD CONSTRAINT `attribute_ibfk_2` FOREIGN KEY (`attr_id`) REFERENCES `product_attribute` (`attr_id`) ON DELETE CASCADE ON UPDATE CASCADE;

--
-- Constraints for table `product_images`
--
ALTER TABLE `product_images`
  ADD CONSTRAINT `product_images_ibfk_1` FOREIGN KEY (`product_id`) REFERENCES `tbl_product` (`product_id`) ON DELETE CASCADE ON UPDATE CASCADE;

--
-- Constraints for table `tbl_comment`
--
ALTER TABLE `tbl_comment`
  ADD CONSTRAINT `tbl_comment_ibfk_1` FOREIGN KEY (`comment_product_id`) REFERENCES `tbl_product` (`product_id`) ON DELETE CASCADE ON UPDATE CASCADE;

--
-- Constraints for table `tbl_order`
--
ALTER TABLE `tbl_order`
  ADD CONSTRAINT `tbl_order_ibfk_1` FOREIGN KEY (`customer_id`) REFERENCES `tbl_customers` (`customer_id`),
  ADD CONSTRAINT `tbl_order_ibfk_2` FOREIGN KEY (`shipping_id`) REFERENCES `tbl_shipping` (`shipping_id`);

--
-- Constraints for table `tbl_order_details`
--
ALTER TABLE `tbl_order_details`
  ADD CONSTRAINT `tbl_order_details_ibfk_1` FOREIGN KEY (`product_id`) REFERENCES `tbl_product` (`product_id`) ON DELETE CASCADE ON UPDATE CASCADE,
  ADD CONSTRAINT `tbl_order_details_ibfk_2` FOREIGN KEY (`order_id`) REFERENCES `tbl_order` (`order_id`) ON DELETE CASCADE ON UPDATE CASCADE;

--
-- Constraints for table `tbl_post`
--
ALTER TABLE `tbl_post`
  ADD CONSTRAINT `tbl_post_ibfk_1` FOREIGN KEY (`cate_post_id`) REFERENCES `tbl_category_post` (`cate_post_id`) ON DELETE CASCADE ON UPDATE CASCADE;

--
-- Constraints for table `tbl_product`
--
ALTER TABLE `tbl_product`
  ADD CONSTRAINT `tbl_product_ibfk_1` FOREIGN KEY (`category_id`) REFERENCES `tbl_category_product` (`category_id`) ON DELETE CASCADE ON UPDATE CASCADE;

--
-- Constraints for table `tbl_rating`
--
ALTER TABLE `tbl_rating`
  ADD CONSTRAINT `tbl_rating_ibfk_1` FOREIGN KEY (`product_id`) REFERENCES `tbl_product` (`product_id`) ON DELETE CASCADE ON UPDATE CASCADE;

--
-- Constraints for table `tbl_social`
--
ALTER TABLE `tbl_social`
  ADD CONSTRAINT `tbl_social_ibfk_1` FOREIGN KEY (`user`) REFERENCES `tbl_customers` (`customer_id`) ON DELETE CASCADE ON UPDATE CASCADE;
COMMIT;

/*!40101 SET CHARACTER_SET_CLIENT=@OLD_CHARACTER_SET_CLIENT */;
/*!40101 SET CHARACTER_SET_RESULTS=@OLD_CHARACTER_SET_RESULTS */;
/*!40101 SET COLLATION_CONNECTION=@OLD_COLLATION_CONNECTION */;
